{
    "user": {
        "login_time": 1745293961.4407892,
        "last_activity_time": 1745293961.4763782,
        "ip": "127.0.0.1",
        "port": 8002
    }
}